{
  "src/content.config.ts": 1773773672.651238,
  "src/types/sections.collection.ts": 1774046317.0710344,
  "src/types/pages.collection.ts": 1774219746.7622232,
  "src/layouts/shortcodes/Tabs.tsx": 1773773672.6590762,
  "src/layouts/shortcodes/Tab.tsx": 1773773672.6590054,
  "src/layouts/shortcodes/Accordion.tsx": 1773773672.6587493,
  "src/layouts/shortcodes/Video.tsx": 1773773672.6591475,
  "src/layouts/shortcodes/Button.tsx": 1773773672.658825,
  "src/layouts/shortcodes/Youtube.tsx": 1773773672.659219,
  "src/layouts/shortcodes/Notice.tsx": 1773773672.6589403,
  "src/layouts/helpers/Cursor.tsx": 1774218128.9921508,
  "src/layouts/helpers/DynamicIcon.tsx": 1773773672.6574123,
  "src/lib/utils/readingTime.ts": 1773773672.6597035,
  "src/lib/utils/dateFormat.ts": 1773773672.6595645,
  "src/lib/utils/similarItems.ts": 1773773672.659774,
  "src/lib/utils/taxonomyFilter.ts": 1773773672.6599336,
  "src/lib/utils/bgImageMod.ts": 1773773672.6594963,
  "src/lib/utils/infSlider.ts": 1773773672.6596384,
  "src/lib/utils/textConverter.ts": 1774046884.3061073,
  "src/lib/utils/sortFunctions.ts": 1773773672.6598632,
  "src/content/sections/pricing.md": 1774224291.4969187,
  "src/content/sections/testimonial.md": 1774097662.9624286,
  "src/content/sections/call-to-action.md": 1774223408.547245,
  "src/content/sections/trusted-brands.md": 1774223571.181556,
  "src/content/sections/features-carousel.md": 1774132029.7628417,
  "src/content/contact/-index.md": 1774224016.0968163,
  "src/content/homepage/-index.md": 1774281392.9191234,
  "src/content/features/local-seo.md": 1774281739.2473547,
  "src/content/features/analytics-reporting.md": 1774281746.583926,
  "src/content/features/website-builder.md": 1774281725.2942579,
  "src/content/features/-index.md": 1774223401.4250777,
  "src/content/features/ai-powered-content.md": 1774281760.320139,
  "src/content/features/marketing-automation.md": 1774281753.4230833,
  "src/content/features/aeo-optimization.md": 1774281732.4103715,
  "src/content/about/-index.md": 1774137932.4840066,
  "src/content/blog/why-ai-platforms-arent-sending-traffic-to-your-maryland-business-yet.md": 1775692682.9309783,
  "src/content/blog/-index.md": 1776124677.6509564,
  "src/content/blog/how-to-check-if-your-maryland-business-name-is-available.md": 1776124667.5889988,
  "src/content/faqs/-index.md": 1774096612.338041,
  "src/content/integrations/-index.md": 1773773672.6554954,
  "src/content/pages/privacy-policy.md": 1773773672.6557496,
  "src/content/pages/terms-conditions.md": 1774044794.530871,
  "src/content/pricing/-index.md": 1774131540.9086187
}